City_ID,City,Country,Lat,Lng,Max Temp,Humidity,Cloudiness,Wind Speed,Current Description
0,Novoseleznevo,RU,55.6821,69.2056,41.92,85,72,7.29,broken clouds
1,Dalby,AU,-27.1833,151.2667,61.99,84,64,1.01,broken clouds
2,Pagsangahan,PH,13.2158,122.5431,82.78,79,86,18.7,overcast clouds
3,Chokurdakh,RU,70.6333,147.9167,13.01,86,99,10.4,overcast clouds
4,Guerrero Negro,MX,27.9769,-114.0611,73.29,55,86,10.47,overcast clouds
5,Kautokeino,NO,69.0125,23.0412,37.87,90,100,4.61,overcast clouds
6,Albany,US,42.6001,-73.9662,59.45,53,100,3.0,overcast clouds
7,Mataura,NZ,-46.1927,168.8643,46.35,83,99,3.24,overcast clouds
8,Lebu,CL,-37.6167,-73.65,55.69,77,81,13.15,broken clouds
9,Hithadhoo,MV,-0.6,73.0833,81.18,69,96,11.59,overcast clouds
10,Butaritari,KI,3.0707,172.7902,81.37,70,100,17.92,overcast clouds
11,Hobart,AU,-42.8794,147.3294,49.86,72,99,12.66,overcast clouds
12,Hermanus,ZA,-34.4187,19.2345,68.13,77,24,4.25,few clouds
13,Arraial Do Cabo,BR,-22.9661,-42.0278,75.06,69,75,23.02,moderate rain
14,Bethel,US,41.3712,-73.414,66.02,56,0,3.44,clear sky
15,Dubrovnik,HR,42.6481,18.0922,65.84,82,0,3.44,clear sky
16,Barstow,US,34.8986,-117.0228,68.99,54,42,3.33,scattered clouds
17,Kapaa,US,22.0752,-159.319,77.32,86,100,9.22,overcast clouds
18,Iqaluit,CA,63.7506,-68.5145,33.53,100,100,8.05,fog
19,Esperance,AU,-33.8667,121.9,59.04,84,85,18.92,overcast clouds
20,San Patricio,US,28.017,-97.5169,89.55,47,37,11.25,scattered clouds
21,Quelimane,MZ,-17.8786,36.8883,75.92,77,0,7.83,clear sky
22,Tuatapere,NZ,-46.1333,167.6833,43.47,87,45,3.24,scattered clouds
23,Launceston,AU,-41.45,147.1667,40.8,81,79,8.05,broken clouds
24,Sokone,SN,13.8833,-16.3667,90.01,50,4,5.14,clear sky
25,Punta Arenas,CL,-53.15,-70.9167,59.11,38,0,16.11,clear sky
26,Ribeira Grande,PT,38.5167,-28.7,68.77,52,40,13.8,scattered clouds
27,Koumac,NC,-20.5667,164.2833,70.2,75,18,3.65,few clouds
28,Wanxian,CN,30.8039,108.3897,66.06,77,9,0.72,clear sky
29,Georgetown,MY,5.4112,100.3354,78.89,91,20,0.0,few clouds
30,Nanortalik,GL,60.1432,-45.2371,36.99,74,2,10.38,clear sky
31,Upernavik,GL,72.7868,-56.1549,31.93,99,100,6.11,snow
32,Ixtapa,MX,20.7,-105.2,86.23,70,40,5.01,scattered clouds
33,Dzhebariki-Khaya,RU,62.2167,135.8,16.61,98,100,2.3,overcast clouds
34,Yellowknife,CA,62.456,-114.3525,28.92,93,75,19.57,light snow
35,Atuona,PF,-9.8,-139.0333,76.19,72,5,12.37,clear sky
36,Manado,ID,1.487,124.8455,77.77,94,20,1.14,few clouds
37,Ushuaia,AR,-54.8,-68.3,49.66,40,0,8.05,clear sky
38,Cabedelo,BR,-6.9811,-34.8339,84.87,68,33,17.74,scattered clouds
39,Inongo,CD,-1.95,18.2667,76.32,82,100,1.83,overcast clouds
40,Lieksa,FI,63.3167,30.0167,49.96,95,100,17.94,light rain
41,Pevek,RU,69.7008,170.3133,9.82,96,99,4.83,overcast clouds
42,Ponta Do Sol,PT,32.6667,-17.1,75.7,73,22,4.12,few clouds
43,Mezen,RU,65.8522,44.24,44.19,96,86,9.33,overcast clouds
44,Yumen,CN,40.2833,97.2,45.64,26,12,5.21,few clouds
45,Yurla,RU,59.3259,54.3223,41.14,93,99,6.13,overcast clouds
46,Chuy,UY,-33.6971,-53.4616,61.11,93,84,16.06,broken clouds
47,Bogovarovo,RU,58.9785,47.0246,40.23,94,58,5.44,broken clouds
48,Thompson,CA,55.7435,-97.8558,25.39,66,28,11.9,scattered clouds
49,Gamboula,CF,4.1178,15.1393,70.14,95,40,5.57,moderate rain
50,Barrow,US,71.2906,-156.7887,28.42,80,100,25.32,overcast clouds
51,Conakry,GN,9.538,-13.6773,79.9,78,100,8.59,light rain
52,Vaini,TO,-21.2,-175.2,73.56,100,40,4.61,scattered clouds
53,Moree,AU,-29.4667,149.85,54.37,75,0,8.79,clear sky
54,Busselton,AU,-33.65,115.3333,51.26,84,13,10.04,few clouds
55,Rikitea,PF,-23.1203,-134.9692,69.06,60,93,20.38,overcast clouds
56,Puerto Ayora,EC,-0.7393,-90.3518,76.96,83,86,8.99,overcast clouds
57,Faya,SA,18.3851,42.4509,64.92,33,31,10.87,scattered clouds
58,Castro,BR,-24.7911,-50.0119,68.58,77,98,1.57,overcast clouds
59,Sobolevo,RU,54.4299,31.8996,44.91,70,94,13.62,overcast clouds
60,Vao,NC,-22.6667,167.4833,70.41,65,0,7.83,clear sky
61,Acapulco,MX,16.8634,-99.8901,85.82,79,75,3.44,light rain
62,Grindavik,IS,63.8424,-22.4338,37.87,75,40,34.52,scattered clouds
63,Salalah,OM,17.0151,54.0924,80.69,74,20,3.44,few clouds
64,Bluff,NZ,-46.6,168.3333,50.4,69,47,18.34,scattered clouds
65,Shache,CN,38.4167,77.2406,59.25,16,2,5.55,clear sky
66,Saraland,US,30.8207,-88.0706,85.8,55,19,4.36,few clouds
67,Kaitangata,NZ,-46.2817,169.8464,48.31,80,98,5.59,overcast clouds
68,Takayama,JP,36.1333,137.25,59.32,98,90,2.95,overcast clouds
69,Auki,SB,-8.7676,160.7034,76.19,87,62,4.43,broken clouds
70,Nikolskoye,RU,59.7035,30.7861,49.91,86,98,11.34,overcast clouds
71,Aksum,ET,14.1245,38.7244,67.41,36,78,15.43,broken clouds
72,Bambous Virieux,MU,-20.3428,57.7575,69.22,76,82,8.37,broken clouds
73,New Norfolk,AU,-42.7826,147.0587,49.5,67,100,2.42,overcast clouds
74,Tancheng,CN,27.4375,115.4976,68.92,46,98,7.96,overcast clouds
75,Khatanga,RU,71.9667,102.5,12.54,94,30,9.78,scattered clouds
76,Brae,GB,60.3964,-1.353,49.62,75,85,16.75,light rain
77,Samarai,PG,-10.6167,150.6667,80.74,82,68,11.43,broken clouds
78,Sao Filipe,CV,14.8961,-24.4956,77.36,73,11,6.69,few clouds
79,Port Macquarie,AU,-31.4333,152.9167,60.89,93,56,4.9,broken clouds
80,Tateyama,JP,34.9833,139.8667,69.1,83,98,10.04,overcast clouds
81,Avarua,CK,-21.2078,-159.775,75.25,78,75,6.91,broken clouds
82,Kahului,US,20.8947,-156.47,78.84,66,0,8.05,clear sky
83,Yinchuan,CN,38.4681,106.2731,48.78,25,0,8.25,clear sky
84,Tasiilaq,GL,65.6145,-37.6368,28.56,62,63,4.68,broken clouds
85,Ostrovnoy,RU,68.0531,39.5131,46.29,90,100,23.22,overcast clouds
86,Villingen-Schwenningen,DE,48.0667,8.45,60.58,81,100,4.03,overcast clouds
87,Cabo San Lucas,MX,22.8909,-109.9124,85.05,61,20,16.11,few clouds
88,Wilkie,CA,52.4168,-108.7014,36.9,62,99,10.29,overcast clouds
89,Arman,RU,59.7,150.1667,19.78,66,69,6.24,broken clouds
90,Carnarvon,AU,-24.8667,113.6333,65.01,71,0,21.23,clear sky
91,Evensk,RU,61.95,159.2333,14.99,73,63,8.32,broken clouds
92,Dikson,RU,73.5069,80.5464,29.32,92,94,9.37,overcast clouds
93,Torbay,CA,47.6666,-52.7314,55.76,83,100,3.0,overcast clouds
94,Carauari,BR,-4.8828,-66.8958,74.86,95,100,0.92,overcast clouds
95,Vestmannaeyjar,IS,63.4427,-20.2734,43.79,61,40,16.11,dust
96,Arcachon,FR,44.5875,-1.0519,82.72,53,0,5.75,clear sky
97,Lagoa,PT,39.05,-27.9833,63.5,59,100,17.45,overcast clouds
98,Cidreira,BR,-30.1811,-50.2056,64.24,94,100,9.57,overcast clouds
99,Qaanaaq,GL,77.484,-69.3632,33.17,87,100,11.7,light snow
100,Ilulissat,GL,69.2167,-51.1,35.62,69,100,1.14,overcast clouds
101,East London,ZA,-33.0153,27.9116,67.96,85,100,20.62,light rain
102,Chino Valley,US,34.7575,-112.4538,59.81,78,40,3.0,scattered clouds
103,Jaru,BR,-10.4389,-62.4664,88.52,56,68,5.08,broken clouds
104,Lavrentiya,RU,65.5833,-171.0,29.77,75,100,23.51,overcast clouds
105,Chumikan,RU,54.7183,135.315,34.27,69,100,10.96,overcast clouds
106,Faanui,PF,-16.4833,-151.75,78.94,67,8,18.19,clear sky
107,Buraydah,SA,26.326,43.975,81.64,13,0,5.17,clear sky
108,Havre-Saint-Pierre,CA,50.2334,-63.5986,52.16,100,100,10.36,moderate rain
109,Mahebourg,MU,-20.4081,57.7,69.26,77,79,8.43,broken clouds
110,Sao Felix Do Xingu,BR,-6.6447,-51.995,92.03,42,75,3.49,broken clouds
111,Port Elizabeth,ZA,-33.918,25.5701,75.09,95,99,4.0,overcast clouds
112,Kruszwica,PL,52.6756,18.3313,61.14,82,100,7.7,overcast clouds
113,Isangel,VU,-19.55,169.2667,71.65,74,28,6.06,scattered clouds
114,Touros,BR,-5.1989,-35.4608,84.06,60,5,19.3,clear sky
115,Jiuquan,CN,39.7432,98.5174,45.46,24,59,4.68,broken clouds
116,Santa Catarina Palopo,GT,14.7167,-91.1333,75.7,70,96,3.04,light rain
117,Taganak,PH,6.0833,118.3,83.59,74,100,6.91,overcast clouds
118,Kodiak,US,57.79,-152.4072,47.71,87,100,4.61,light rain
119,Tiksi,RU,71.6872,128.8694,18.91,89,95,16.93,overcast clouds
120,Port Lincoln,AU,-34.7333,135.8667,55.87,83,69,13.44,broken clouds
121,Igrim,RU,63.1906,64.4162,39.96,88,99,4.23,overcast clouds
122,Vila Franca Do Campo,PT,37.7167,-25.4333,66.61,56,66,7.92,broken clouds
123,Pisco,PE,-13.7,-76.2167,69.66,61,97,9.46,overcast clouds
124,Dambulla,LK,7.86,80.6517,73.99,87,85,4.63,overcast clouds
125,Namatanai,PG,-3.6667,152.4333,78.84,81,100,7.29,overcast clouds
126,Provideniya,RU,64.3833,-173.3,25.07,80,100,10.27,overcast clouds
127,Puerto Colombia,CO,10.9878,-74.9547,87.89,72,40,1.07,light rain
128,Khandyga,RU,62.6667,135.6,18.7,97,100,2.46,light snow
129,Victoria,HK,22.2855,114.1577,84.38,46,100,17.0,overcast clouds
130,Primorsko,BG,42.2667,27.7667,55.87,69,32,14.03,scattered clouds
131,Lucapa,AO,-8.4192,20.7447,70.84,69,52,3.78,light rain
132,Javanrud,IR,34.7961,46.5172,67.35,23,91,6.6,overcast clouds
133,Nara,JP,34.6851,135.8049,71.49,59,91,1.7,overcast clouds
134,Birin,NP,26.8865,88.0718,56.64,75,1,5.57,clear sky
135,Fredericksburg,US,38.3032,-77.4605,73.31,48,0,4.61,clear sky
136,Mersing,MY,2.4312,103.8405,77.83,89,99,7.47,overcast clouds
137,Hilo,US,19.7297,-155.09,82.27,89,40,6.91,scattered clouds
138,Yar-Sale,RU,66.8333,70.8333,38.64,95,100,4.41,overcast clouds
139,Sri Aman,MY,1.2376,111.4621,73.94,98,95,0.98,overcast clouds
140,Barentu,ER,15.1139,37.5928,83.55,36,85,7.61,overcast clouds
141,Espinosa,BR,-14.9261,-42.8192,92.44,21,10,8.28,clear sky
142,Iraquara,BR,-12.2486,-41.6194,78.84,50,56,9.89,broken clouds
143,Jibuti,DJ,11.5,42.5,78.28,61,0,12.44,clear sky
144,Bhanpuri,IN,21.1,80.9167,74.61,89,10,5.17,clear sky
145,Talcahuano,CL,-36.7167,-73.1167,58.68,67,20,11.5,few clouds
146,Pavlodar,KZ,52.3,76.95,49.8,50,40,6.71,scattered clouds
147,Jamestown,US,42.097,-79.2353,57.52,37,0,13.8,clear sky
148,Catamarca,AR,-28.4696,-65.7852,83.07,38,2,14.0,clear sky
149,Hobyo,SO,5.3505,48.5268,78.55,82,35,15.5,scattered clouds
150,Luau,AO,-10.7073,22.2247,80.11,36,79,3.33,broken clouds
151,Fort Nelson,CA,58.8053,-122.7002,30.94,72,41,3.0,scattered clouds
152,Livingston,GB,55.9029,-3.5226,50.59,80,0,4.61,clear sky
153,Boende,CD,-0.2167,20.8667,70.27,99,97,4.74,heavy intensity rain
154,Barranca,PE,-10.75,-77.7667,66.04,71,33,11.27,scattered clouds
155,Berezovyy,RU,51.6667,135.7,34.38,70,84,2.06,broken clouds
156,Saint-Philippe,RE,-21.3585,55.7679,72.99,76,64,6.8,broken clouds
157,Pangody,RU,65.85,74.4859,37.42,88,100,4.36,overcast clouds
158,Kiruna,SE,67.8557,20.2251,32.92,100,100,3.44,fog
159,Ust-Tsilma,RU,65.441,52.1498,40.24,95,100,4.92,overcast clouds
160,Juba,SS,4.8517,31.5825,74.48,84,99,2.68,light rain
161,Port Alfred,ZA,-33.5906,26.891,66.18,90,98,3.0,overcast clouds
162,Baker City,US,44.7749,-117.8344,60.19,53,0,3.44,clear sky
163,Mendi,PG,-6.1761,143.6513,53.73,97,99,3.71,overcast clouds
164,Goalpara,IN,26.1667,90.6167,73.45,86,5,1.77,clear sky
165,Jinchang,CN,38.4953,102.1739,47.64,29,0,0.94,clear sky
166,Sorland,NO,67.667,12.6934,44.46,76,100,9.37,overcast clouds
167,Clarence Town,AU,-32.5833,151.7833,62.51,98,68,4.0,broken clouds
168,Leh,IN,34.1667,77.5833,42.55,35,9,5.01,clear sky
169,Dawson Creek,CA,55.7666,-120.2362,52.75,61,20,2.62,few clouds
170,Praia,CV,14.9215,-23.5087,82.94,57,20,14.97,few clouds
171,Carutapera,BR,-1.195,-46.02,86.2,62,71,8.86,broken clouds
172,Seymour,US,38.9592,-85.8903,70.09,37,90,5.99,overcast clouds
173,Walvis Bay,NA,-22.9575,14.5053,59.77,85,52,5.55,broken clouds
174,Severo-Kurilsk,RU,50.6789,156.125,41.32,66,66,6.64,broken clouds
175,Araruna,BR,-6.5583,-35.7417,83.79,39,90,13.02,overcast clouds
176,Marquette,US,46.5333,-87.6335,44.33,75,100,6.78,overcast clouds
177,Dingle,PH,10.9995,122.6711,77.4,86,100,3.98,light rain
178,Fengzhen,CN,40.4394,113.1536,32.86,33,0,7.25,clear sky
179,Port Hardy,CA,50.6996,-127.4199,59.0,67,8,5.32,clear sky
180,Kemijarvi,FI,66.7131,27.4306,48.51,93,100,11.45,moderate rain
181,Porto Novo,BJ,6.4965,2.6036,80.29,80,83,6.71,broken clouds
182,Haiger,DE,50.75,8.2167,62.01,88,40,7.0,scattered clouds
183,Waipawa,NZ,-41.4122,175.5153,42.87,86,14,3.2,few clouds
184,Havoysund,NO,70.9963,24.6622,46.63,87,98,11.39,light rain
185,Airai,TL,-8.9266,125.4092,61.81,71,100,2.01,overcast clouds
186,Swan River,CA,52.1058,-101.2676,32.05,31,52,8.08,broken clouds
187,Tanah Merah,MY,5.8,102.15,75.7,93,100,1.36,overcast clouds
188,Shieli,KZ,44.1667,66.75,57.74,45,100,8.5,overcast clouds
189,Port Blair,IN,11.6667,92.75,79.92,81,100,4.03,overcast clouds
190,Baruun-Urt,MN,46.6806,113.2792,25.39,47,4,8.43,clear sky
191,Ukwa,IN,21.9667,80.4667,68.74,97,19,1.86,few clouds
192,Limbang,MY,4.75,115.0,78.91,97,96,2.3,overcast clouds
193,Sao Joao Da Barra,BR,-21.6403,-41.0511,80.69,70,52,12.46,broken clouds
194,Narsaq,GL,60.9167,-46.05,41.22,72,7,3.78,clear sky
195,Mao,ES,39.8885,4.2658,73.96,83,20,8.05,few clouds
196,Naze,JP,28.3667,129.4833,76.08,85,100,3.71,overcast clouds
197,Save,BJ,8.0425,2.486,83.01,71,78,3.38,broken clouds
198,Suntar,RU,62.1444,117.6319,31.35,97,100,9.08,light snow
199,Fort-Shevchenko,KZ,44.5086,50.263,53.29,57,100,19.35,overcast clouds
200,Nabire,ID,-3.3667,135.4833,77.05,90,97,1.92,overcast clouds
201,Petropavlovsk-Kamchatskiy,RU,53.0452,158.6483,34.77,73,8,8.48,clear sky
202,Aklavik,CA,68.2191,-135.0107,24.8,93,100,5.75,light snow
203,Usinsk,RU,65.9939,57.5281,36.41,95,90,7.29,overcast clouds
204,Bredasdorp,ZA,-34.5322,20.0403,68.27,77,61,5.19,broken clouds
205,Cape Town,ZA,-33.9258,18.4232,73.89,60,12,1.99,few clouds
206,Treinta Y Tres,UY,-33.2333,-54.3833,62.56,84,85,12.68,overcast clouds
207,Hami,CN,42.8,93.45,55.9,22,4,3.53,clear sky
208,Banff,CA,51.1762,-115.5698,54.77,48,23,3.87,few clouds
209,Goure,NE,13.9835,10.2704,92.21,11,3,9.28,clear sky
210,Nova Vicosa,BR,-17.8919,-39.3719,79.29,61,46,7.92,scattered clouds
211,Longyearbyen,SJ,78.2186,15.6401,26.44,63,75,11.5,broken clouds
212,Griffith,US,41.5284,-87.4237,57.69,54,75,8.05,broken clouds
213,Souillac,MU,-20.5167,57.5167,71.44,76,74,8.93,broken clouds
214,Kushiro,JP,42.975,144.3747,58.3,89,100,10.6,light rain
215,Fortuna,US,40.5982,-124.1573,63.93,79,75,6.91,broken clouds
216,Namibe,AO,-15.1961,12.1522,70.92,83,77,8.5,broken clouds
217,Bengkulu,ID,-3.8004,102.2655,75.76,89,99,2.64,moderate rain
218,Leningradskiy,RU,69.3833,178.4167,14.5,94,99,7.29,overcast clouds
219,Freeport,US,40.6576,-73.5832,68.02,60,91,3.0,overcast clouds
220,Hambantota,LK,6.1241,81.1185,79.21,79,96,13.82,overcast clouds
221,Pangai,TO,-19.8,-174.35,77.07,85,4,10.71,clear sky
222,Fuyang,CN,32.9,115.8167,61.65,66,14,14.0,few clouds
223,Westport,US,41.1415,-73.3579,67.86,57,0,5.01,clear sky
224,Bogale,MM,16.2833,95.4,75.51,83,51,3.49,broken clouds
225,Broken Hill,AU,-31.95,141.4333,58.03,56,3,12.08,clear sky
226,Lorengau,PG,-2.0226,147.2712,80.67,80,70,5.68,broken clouds
227,Klaksvik,FO,62.2266,-6.589,47.32,82,69,17.76,light rain
228,Malinovskiy,RU,61.1953,62.8397,39.31,93,100,6.82,overcast clouds
229,Norman Wells,CA,65.282,-126.8329,27.16,91,100,3.96,overcast clouds
230,Ulaangom,MN,49.9811,92.0667,31.26,58,67,1.88,broken clouds
231,Codajas,BR,-3.8367,-62.0569,91.49,48,100,3.27,overcast clouds
232,Chachapoyas,PE,-6.2317,-77.869,65.16,69,96,3.78,light rain
233,Bossangoa,CF,6.4926,17.4552,74.39,88,92,2.46,overcast clouds
234,Meulaboh,ID,4.1363,96.1285,75.0,82,100,3.18,moderate rain
235,Nanning,CN,22.8167,108.3167,71.58,54,99,8.43,overcast clouds
236,Camapua,BR,-19.5314,-54.0439,96.08,23,19,5.68,few clouds
237,Codrington,AU,-38.2667,141.9667,41.11,89,30,4.61,scattered clouds
238,Zhigansk,RU,66.7697,123.3711,26.08,92,100,8.3,overcast clouds
239,Cartagena,CO,10.3997,-75.5144,78.42,94,40,5.75,light rain
240,Golden,US,39.7555,-105.2211,49.93,68,100,4.61,overcast clouds
241,Juan Lacaze,UY,-34.4342,-57.4381,66.11,74,99,19.71,overcast clouds
242,Kaeo,NZ,-35.1,173.7833,48.33,95,40,3.65,scattered clouds
243,Bandundu,CD,-3.3167,17.3667,76.98,81,83,2.8,light rain
244,Jiangyou,CN,31.7667,104.7167,65.48,65,96,3.31,overcast clouds
245,Ariquemes,BR,-9.9133,-63.0408,82.98,69,97,2.8,overcast clouds
246,Port Shepstone,ZA,-30.7414,30.455,67.66,83,100,24.25,moderate rain
247,Caravelas,BR,-17.7125,-39.2481,80.51,58,60,8.32,broken clouds
248,Mae Sai,TH,20.4335,99.8762,69.87,76,58,1.7,broken clouds
249,Central Point,US,42.376,-122.9164,75.63,36,0,1.99,clear sky
250,Panzhihua,CN,26.5851,101.7128,61.32,77,100,1.21,overcast clouds
251,Umm Lajj,SA,25.0213,37.2685,83.25,63,9,7.45,clear sky
252,Kaniama,CD,-7.5667,24.1833,66.92,90,92,3.62,light rain
253,Bronnoysund,NO,65.4625,12.1997,46.4,71,75,7.0,broken clouds
254,Hamilton,US,39.1834,-84.5333,70.88,33,0,10.36,clear sky
255,Rundu,NA,-17.9333,19.7667,85.3,21,100,11.34,overcast clouds
256,Kurilsk,RU,45.2333,147.8833,52.88,93,100,12.95,moderate rain
257,Tuktoyaktuk,CA,69.4541,-133.0374,24.42,78,100,22.97,overcast clouds
258,La Ronge,CA,55.1001,-105.2842,33.28,46,95,5.77,overcast clouds
259,Clyde River,CA,70.4692,-68.5914,32.9,86,100,3.24,overcast clouds
260,Yulara,AU,-25.2406,130.9889,69.98,53,1,8.34,clear sky
261,Aswan,EG,24.0934,32.907,88.38,21,29,13.49,scattered clouds
262,Alofi,NU,-19.0595,-169.9187,76.95,83,15,16.71,few clouds
263,Lubben,DE,51.95,13.9,64.26,68,78,2.62,broken clouds
264,Pascagoula,US,30.3658,-88.5561,85.32,64,40,4.61,scattered clouds
265,Taoudenni,ML,22.6783,-3.9836,101.12,8,98,10.2,overcast clouds
266,Pemberton,CA,50.3164,-122.8027,55.09,46,3,0.85,clear sky
267,Juneau,US,58.3019,-134.4197,58.1,97,75,11.5,fog
268,Korla,CN,41.7597,86.1469,56.53,25,3,1.48,clear sky
269,Marsh Harbour,BS,26.5412,-77.0636,81.16,60,4,16.6,clear sky
270,Ancud,CL,-41.8697,-73.8203,64.22,74,91,4.88,overcast clouds
271,Charters Towers,AU,-20.1,146.2667,71.64,80,98,7.23,overcast clouds
272,Atambua,ID,-9.1061,124.8925,76.03,84,100,2.86,overcast clouds
273,Ashland,US,40.8167,-82.2665,63.14,45,9,13.76,clear sky
274,Presidencia Roque Saenz Pena,AR,-26.7852,-60.4388,89.62,27,11,7.34,few clouds
275,Bonham,US,33.5773,-96.1783,67.37,88,100,12.66,overcast clouds
276,Tymovskoye,RU,50.8456,142.655,37.81,83,1,6.69,clear sky
277,Kruisfontein,ZA,-34.0033,24.7314,72.88,84,100,5.66,overcast clouds
278,Saskylakh,RU,71.9167,114.0833,17.87,90,94,18.54,overcast clouds
279,Sinnamary,GF,5.3833,-52.95,86.45,61,31,9.35,scattered clouds
280,Port Augusta,AU,-32.5,137.7667,57.36,60,1,6.49,clear sky
281,Hovd,MN,48.0056,91.6419,32.54,45,49,1.19,scattered clouds
282,Obo,CF,5.3998,26.4869,70.38,92,100,3.18,overcast clouds
283,Kidal,ML,18.4411,1.4078,95.5,8,3,8.81,clear sky
284,Hazorasp,UZ,41.3194,61.0742,62.44,32,99,12.88,overcast clouds
285,Teknaf,BD,20.8624,92.3058,77.97,86,75,2.48,moderate rain
286,Linfen,CN,36.0889,111.5189,59.54,25,8,2.28,clear sky
287,Humaita,BR,-7.5061,-63.0208,84.7,73,80,3.51,broken clouds
288,Gimli,CA,50.6336,-96.9907,33.69,58,97,22.39,overcast clouds
289,Ulladulla,AU,-35.35,150.4667,55.0,88,100,8.7,overcast clouds
290,Santa Isabel Do Rio Negro,BR,-0.4139,-65.0192,85.08,75,93,0.87,overcast clouds
291,Chipata,ZM,-13.6333,32.65,78.89,24,14,12.41,few clouds
292,Saint Anthony,US,45.0205,-93.218,44.65,64,100,19.57,overcast clouds
293,Semey,KZ,50.4111,80.2275,56.88,33,100,4.59,overcast clouds
294,Sauda,NO,59.6506,6.3542,51.67,98,100,12.75,light rain
295,Broome,US,42.2506,-75.833,62.47,51,0,8.05,clear sky
296,Wloclawek,PL,52.6482,19.0678,61.52,86,100,7.63,overcast clouds
297,Filadelfia,US,39.9523,-75.1638,64.89,49,75,5.75,broken clouds
298,Sola,VU,-13.8833,167.55,80.35,76,54,13.27,broken clouds
299,Neiafu,TO,-18.65,-173.9833,75.88,94,20,0.0,few clouds
300,Ati,TD,13.2154,18.3353,94.98,20,4,2.62,clear sky
301,Olafsvik,IS,64.8945,-23.7142,36.81,69,74,23.62,broken clouds
302,Geraldton,AU,-28.7667,114.6,59.41,82,100,10.36,overcast clouds
303,Jalu,LY,29.0331,21.5482,75.42,41,1,8.25,clear sky
304,Batangafo,CF,7.3008,18.2833,75.52,84,99,2.37,overcast clouds
305,Law,GB,55.75,-3.8833,49.64,76,82,4.43,broken clouds
306,Rozhyshche,UA,50.9154,25.2691,54.36,74,100,11.18,overcast clouds
307,Bull Savanna,JM,17.8868,-77.5902,83.57,60,16,5.32,few clouds
308,Laguna,US,38.421,-121.4238,67.33,72,0,8.05,clear sky
309,Balkanabat,TM,39.5108,54.3671,71.42,49,54,3.38,broken clouds
310,Egvekinot,RU,66.3167,-179.1667,11.35,85,98,12.73,overcast clouds
311,Aasiaat,GL,68.7098,-52.8699,33.33,71,100,9.64,overcast clouds
312,Manokwari,ID,-0.8667,134.0833,79.39,75,92,5.17,overcast clouds
313,Gat,IL,31.61,34.7642,78.4,22,0,5.12,clear sky
314,Presidente Olegario,BR,-18.4178,-46.4181,87.1,22,47,7.07,scattered clouds
315,Alindao,CF,5.0267,21.2088,71.89,95,75,3.67,moderate rain
316,Natal,BR,-5.795,-35.2094,86.65,54,40,19.57,scattered clouds
317,Costa Rica,BR,-23.4167,-54.65,72.82,82,95,3.89,overcast clouds
318,Bud,US,39.447,-86.1758,69.48,42,63,10.89,broken clouds
319,Kuteynykove,UA,47.8123,38.2882,46.54,53,8,10.69,clear sky
320,Lamu,KE,-2.2717,40.902,77.22,84,82,9.95,broken clouds
321,Bakel,SN,14.905,-12.4568,98.67,29,46,8.88,scattered clouds
322,Tupancireta,BR,-29.0806,-53.8358,72.19,66,79,7.49,broken clouds
323,Tiznit,MA,29.5833,-9.5,84.9,27,78,15.79,broken clouds
324,Sumenep,ID,-7.0167,113.8667,81.55,80,95,4.74,overcast clouds
325,Ekibastuz,KZ,51.6667,75.3667,51.76,44,100,15.3,overcast clouds
326,Antofagasta,CL,-23.65,-70.4,61.88,59,0,7.07,clear sky
327,Revda,RU,56.801,59.9303,40.68,73,62,10.25,broken clouds
328,Makow Mazowiecki,PL,52.8649,21.1005,63.59,82,100,8.32,overcast clouds
329,Awbari,LY,26.5921,12.7805,77.76,37,29,8.14,scattered clouds
330,Aripuana,BR,-9.1667,-60.6333,92.01,47,90,1.86,overcast clouds
331,Bilhaur,IN,26.85,80.0833,75.43,49,2,4.29,clear sky
332,Sechura,PE,-5.5569,-80.8222,75.06,54,99,12.84,overcast clouds
333,Sitka,US,57.0531,-135.33,55.29,88,100,0.0,overcast clouds
334,Rawson,AR,-43.3002,-65.1023,53.15,68,100,15.55,overcast clouds
335,Mar Del Plata,AR,-38.0023,-57.5575,62.62,84,0,10.36,clear sky
336,Vostok,RU,46.4856,135.8833,34.38,88,92,3.96,overcast clouds
337,Cairns,AU,-16.9167,145.7667,73.35,87,44,5.75,scattered clouds
338,Coihaique,CL,-45.5752,-72.0662,66.81,45,20,8.05,few clouds
339,Ugoofaaru,MV,5.6667,73.0,81.48,80,100,20.92,overcast clouds
340,Caxito,AO,-8.5785,13.6643,79.93,68,49,8.75,scattered clouds
341,Mangan,IN,27.5167,88.5333,65.21,42,0,6.78,clear sky
342,Kamsack,CA,51.5667,-101.9009,31.44,30,82,8.41,broken clouds
343,Mattru,SL,7.6244,-11.8332,75.63,95,100,2.75,light rain
344,Xining,CN,36.6167,101.7667,41.04,49,1,1.97,clear sky
345,Bandarbeyla,SO,9.4942,50.8122,78.33,85,25,8.37,scattered clouds
346,Iskateley,RU,67.6803,53.1512,39.58,94,88,8.72,overcast clouds
347,Bimbo,CF,4.2567,18.4158,73.78,93,49,2.33,moderate rain
348,Estevan,CA,49.1334,-102.9842,34.14,32,99,8.1,overcast clouds
349,Sioux Lookout,CA,50.1001,-91.917,32.07,93,100,16.11,overcast clouds
350,Najran,SA,17.4924,44.1277,72.93,25,1,7.05,clear sky
351,Manta,EC,-0.95,-80.7333,76.78,69,100,5.75,overcast clouds
352,College,US,64.8569,-147.8028,33.08,85,100,5.75,overcast clouds
353,Matara,LK,5.9485,80.5353,77.05,87,97,5.41,overcast clouds
354,Marystown,CA,47.1666,-55.1483,57.9,75,100,16.26,overcast clouds
355,Wigston,GB,52.5863,-1.1059,58.33,69,83,8.68,broken clouds
356,Luderitz,NA,-26.6481,15.1594,62.06,85,8,12.33,clear sky
357,Hay River,CA,60.8156,-115.7999,36.46,55,87,12.35,overcast clouds
358,Ojuelos De Jalisco,MX,21.8667,-101.5833,70.81,35,26,2.91,scattered clouds
359,Fairbanks,US,64.8378,-147.7164,33.1,85,100,5.75,overcast clouds
360,Gigmoto,PH,13.7796,124.39,80.58,88,100,7.63,overcast clouds
361,Asfi,MA,32.2994,-9.2372,78.55,49,100,5.95,overcast clouds
362,Deputatskiy,RU,69.3,139.9,11.89,94,100,4.61,overcast clouds
363,Berezna,UA,51.5716,31.7846,42.3,65,7,8.55,clear sky
364,Terrace,CA,54.5163,-128.6035,58.82,81,1,1.45,clear sky
365,Aljezur,PT,37.3191,-8.8033,70.16,66,100,3.24,overcast clouds
366,Asau,RO,46.4333,26.4,45.52,72,2,1.41,clear sky
367,La Palma,US,33.8464,-118.0467,71.6,84,75,6.91,broken clouds
368,Manuk Mangkaw,PH,4.8,119.85,83.26,72,100,6.51,overcast clouds
369,Elizabeth City,US,36.2946,-76.2511,80.01,49,0,8.05,clear sky
370,Belmonte,BR,-15.8631,-38.8828,78.58,66,47,8.25,scattered clouds
371,Diapaga,BF,12.0708,1.7889,89.62,35,67,3.18,broken clouds
372,Maragogi,BR,-9.0122,-35.2225,79.72,70,22,12.75,few clouds
373,Tazovskiy,RU,67.4667,78.7,32.54,96,100,5.48,overcast clouds
374,Stromness,GB,58.965,-3.296,50.88,77,32,18.01,scattered clouds
375,Manbij,SY,36.5281,37.9549,73.0,34,42,2.91,scattered clouds
376,Pochutla,MX,15.7432,-96.4661,89.82,65,65,3.83,broken clouds
377,Marsa Matruh,EG,31.3525,27.2453,73.24,68,66,21.59,light rain
378,Galveston,US,29.3669,-94.9669,89.19,73,0,8.05,clear sky
379,Saurimo,AO,-9.6608,20.3916,73.06,61,64,7.4,broken clouds
380,Lagunas,PE,-5.2269,-75.6753,93.13,43,98,2.39,overcast clouds
381,Saint-Leu,RE,-21.15,55.2833,72.46,77,63,2.44,broken clouds
382,Isla Vista,US,34.4133,-119.861,70.02,79,0,9.22,clear sky
383,Alyangula,AU,-13.8483,136.4192,80.64,76,96,6.06,overcast clouds
384,Constitucion,CL,-35.3333,-72.4167,62.71,65,31,16.69,scattered clouds
385,Voyinka,UA,45.8699,33.9914,56.55,70,79,18.05,broken clouds
386,Sabang,ID,5.8933,95.3214,79.38,79,100,19.55,light rain
387,Mananjary,MG,-21.2167,48.3333,70.16,76,4,9.01,clear sky
388,Lewistown,US,40.5992,-77.5714,63.61,66,20,9.22,few clouds
389,Chimbote,PE,-9.0853,-78.5783,66.99,72,75,11.27,broken clouds
390,Baghdad,IQ,33.3406,44.4009,84.11,23,0,8.05,clear sky
391,San Cristobal,VE,7.7669,-72.225,84.38,48,77,6.85,broken clouds
392,Grimshaw,CA,56.1834,-117.6027,45.37,57,82,3.98,broken clouds
393,Vineland,US,39.4862,-75.0257,64.63,51,20,5.75,few clouds
394,Progreso,MX,21.2833,-89.6667,88.11,62,7,8.93,clear sky
395,Cassilandia,BR,-19.1133,-51.7342,97.75,18,57,7.27,broken clouds
396,Mount Gambier,AU,-37.8333,140.7667,42.71,93,75,3.44,fog
397,Tocopilla,CL,-22.092,-70.1979,67.39,60,15,6.29,few clouds
398,Llanes,ES,43.4198,-4.7549,70.9,70,94,4.88,overcast clouds
399,Thinadhoo,MV,0.5333,72.9333,81.7,69,100,14.29,overcast clouds
400,Yichang,CN,30.7144,111.2847,65.68,43,9,4.63,clear sky
401,Berdigestyakh,RU,62.0989,126.6992,21.49,98,95,4.0,overcast clouds
402,Katherine,AU,-14.4667,132.2667,84.52,61,77,0.0,broken clouds
403,Arica,CL,-18.475,-70.3042,72.95,63,0,12.66,clear sky
404,Whakatane,NZ,-37.9585,176.9854,51.51,90,18,5.46,few clouds
405,Harrisonburg,US,38.4496,-78.8689,73.15,41,84,8.63,broken clouds
406,Anadyr,RU,64.75,177.4833,15.49,85,100,11.3,overcast clouds
407,Anchorage,US,61.2181,-149.9003,44.2,93,100,5.75,fog
408,Xudat,AZ,41.631,48.681,61.0,80,100,3.67,overcast clouds
409,Poum,NC,-20.2333,164.0167,75.04,68,37,17.4,scattered clouds
410,Aldan,RU,58.6031,125.3894,18.73,96,100,4.74,light snow
411,Phalaborwa,ZA,-23.943,31.1411,79.18,43,84,8.32,broken clouds
412,Saint-Pierre,RE,-21.3393,55.4781,73.08,64,100,2.3,overcast clouds
413,Tautira,PF,-17.7333,-149.15,77.14,69,70,15.28,broken clouds
414,Bahawalnagar,PK,30.5508,73.3908,75.43,18,0,2.04,clear sky
415,Comodoro Rivadavia,AR,-45.8667,-67.5,53.46,62,0,12.66,clear sky
416,Flinders,AU,-34.5833,150.8552,59.18,86,98,4.0,light rain
417,Rio Gallegos,AR,-51.6226,-69.2181,63.05,32,14,10.25,few clouds
418,Viramgam,IN,23.1225,72.0484,80.35,37,24,6.29,few clouds
419,Vila Velha,BR,-20.3297,-40.2925,78.75,75,20,12.66,few clouds
420,Kavaratti,IN,10.5669,72.642,82.06,73,100,2.68,overcast clouds
421,Zyryanka,RU,65.75,150.85,-0.08,97,24,8.21,few clouds
422,General Cepeda,MX,25.3833,-101.45,83.07,39,7,0.83,clear sky
423,Ahipara,NZ,-35.1667,173.1667,52.95,92,57,4.0,broken clouds
424,Port-Gentil,GA,-0.7193,8.7815,80.56,83,75,10.36,broken clouds
425,Juybar,IR,36.6412,52.9124,70.52,76,37,3.49,scattered clouds
426,Sept-Iles,CA,50.2001,-66.3821,47.05,98,99,1.99,overcast clouds
427,Cherskiy,RU,68.75,161.3,4.89,97,95,6.8,overcast clouds
428,Praia Da Vitoria,PT,38.7333,-27.0667,64.35,55,59,12.21,broken clouds
429,Yerbogachen,RU,61.2767,108.0108,28.0,87,98,6.22,overcast clouds
430,Emba,KZ,48.8264,58.1442,47.79,54,30,7.58,scattered clouds
431,Seoni Malwa,IN,22.45,77.4667,70.68,84,5,5.7,clear sky
432,Edd,ER,13.9297,41.6925,90.34,55,0,19.08,clear sky
433,Krasnopillya,UA,50.7746,35.2597,42.17,71,1,5.35,clear sky
434,Portland,US,45.5234,-122.6762,79.54,42,0,11.99,clear sky
435,Saldanha,ZA,-33.0117,17.9442,62.06,87,10,5.86,clear sky
436,Say,NE,13.1007,2.3689,96.17,24,72,7.63,broken clouds
437,Talnakh,RU,69.4865,88.3972,26.15,91,100,8.34,overcast clouds
438,Conceicao Do Araguaia,BR,-8.2578,-49.2647,99.07,24,60,7.81,broken clouds
439,Grudziadz,PL,53.4841,18.7537,61.75,45,100,6.02,overcast clouds
440,Prince Rupert,CA,54.3161,-130.3201,53.69,100,40,3.44,scattered clouds
441,Kovdor,RU,67.5662,30.4758,45.3,95,100,5.46,light rain
442,Eydhafushi,MV,5.1033,73.0708,81.39,80,100,21.32,overcast clouds
443,Orlik,RU,52.5178,99.825,21.56,57,11,2.64,few clouds
444,Husavik,IS,66.0449,-17.3389,37.51,99,100,15.75,overcast clouds
445,Severnoye,RU,56.3491,78.3619,44.58,90,100,3.51,overcast clouds
446,Grandview,US,38.8858,-94.533,65.82,43,0,13.8,clear sky
447,Aras,ES,42.5617,-2.356,81.01,24,0,12.66,clear sky
448,Nelson Bay,AU,-32.7167,152.15,64.0,90,83,10.0,light rain
449,Fez,MA,34.0372,-4.9998,82.65,28,75,19.57,broken clouds
450,Saint-Augustin,CA,51.226,-58.6502,55.2,64,100,5.26,overcast clouds
451,Syamzha,RU,60.0158,41.0614,42.85,84,33,9.6,scattered clouds
452,Pangnirtung,CA,66.1451,-65.7125,42.13,98,100,6.06,light rain
453,Karratha,AU,-20.7377,116.8463,74.03,47,2,14.76,clear sky
454,Kavieng,PG,-2.5744,150.7967,81.7,78,84,12.15,light rain
455,Jaguaquara,BR,-13.5306,-39.9708,73.02,71,86,7.47,overcast clouds
456,Maniitsoq,GL,65.4167,-52.9,38.37,62,100,16.6,overcast clouds
457,Pacific Grove,US,36.6177,-121.9166,63.41,76,100,3.44,overcast clouds
458,Nuuk,GL,64.1835,-51.7216,43.41,65,75,24.16,broken clouds
459,Nadadores,MX,27.05,-101.6,81.28,61,20,0.0,few clouds
460,Baracoa,CU,20.3467,-74.4958,84.99,65,31,5.59,scattered clouds
461,Athabasca,CA,54.7169,-113.2854,45.68,34,97,8.66,overcast clouds
462,Aksu,CN,41.1231,80.2644,59.05,20,70,2.71,broken clouds
463,Bijar,IR,35.8668,47.6051,61.57,22,76,4.52,broken clouds
464,Ngama,TD,11.7833,17.1667,90.64,27,98,6.62,overcast clouds
465,Inhambane,MZ,-23.865,35.3833,73.72,81,87,7.05,overcast clouds
466,Pires Do Rio,BR,-17.2997,-48.2794,92.16,19,14,8.41,few clouds
467,Mount Juliet,US,36.2001,-86.5186,69.33,78,100,6.91,overcast clouds
468,Toora-Khem,RU,52.4675,96.11,26.46,45,17,1.92,few clouds
469,Sambava,MG,-14.2667,50.1667,72.45,77,25,9.1,scattered clouds
470,Wad Madani,SD,14.4012,33.5199,92.3,29,56,8.16,broken clouds
471,Marzuq,YE,14.4,46.4667,74.91,48,1,3.65,clear sky
472,Ayan,RU,56.45,138.1667,33.6,64,100,12.12,overcast clouds
473,Joshimath,IN,30.5667,79.5667,56.35,53,6,6.62,clear sky
474,Hammerfest,NO,70.6634,23.6821,45.05,93,75,4.61,broken clouds
475,Labuhan,ID,-6.8844,112.2051,79.11,81,99,12.17,overcast clouds
476,Atar,MR,20.5169,-13.0499,100.47,14,53,6.93,broken clouds
477,Lyuban,BY,52.7985,28.0048,49.59,58,100,11.95,overcast clouds
478,West Bay,KY,19.3667,-81.4167,88.05,80,75,11.5,broken clouds
479,Sibu,MY,2.3,111.8167,74.41,98,91,1.1,overcast clouds
480,Tual,ID,-5.6667,132.75,83.5,79,60,9.53,broken clouds
481,Alpena,US,45.0617,-83.4327,53.85,64,75,7.0,broken clouds
482,Padang,ID,-0.9492,100.3543,76.19,90,100,3.47,heavy intensity rain
483,Ventspils,LV,57.3894,21.5606,55.33,100,20,17.27,few clouds
484,Voh,NC,-20.9667,164.7,67.14,80,49,5.21,scattered clouds
485,Umm Kaddadah,SD,13.6017,26.6876,92.16,14,0,10.02,clear sky
486,Ous,RU,60.9058,61.5186,39.43,91,100,5.46,overcast clouds
487,Wukari,NG,7.85,9.7833,81.41,67,20,3.18,few clouds
488,Pemangkat,ID,1.1667,108.9667,80.24,79,100,5.55,overcast clouds
489,Jhang,PK,33.6748,72.6963,73.62,33,0,5.99,clear sky
490,Rongcheng,CN,30.634,117.8517,59.11,65,0,3.87,clear sky
491,Awjilah,LY,29.1081,21.2869,75.22,41,0,9.26,clear sky
492,Santa Barbara,US,34.7333,-120.0343,63.0,80,100,0.0,overcast clouds
493,Kamenka,RU,51.3223,42.7678,40.98,64,21,3.89,few clouds
494,Andra,RU,62.5147,65.8878,40.17,91,100,6.82,overcast clouds
495,Ak-Dovurak,RU,51.1833,90.6,31.57,49,62,1.97,broken clouds
496,Zhanjiang,CN,21.2815,110.3427,73.13,48,99,10.33,overcast clouds
497,La Crosse,US,43.8014,-91.2396,49.41,64,100,14.97,overcast clouds
498,Angoche,MZ,-16.2325,39.9086,76.33,76,0,8.9,clear sky
499,Tukrah,LY,32.5341,20.5791,71.28,63,9,14.76,clear sky
500,Itaituba,BR,-4.2761,-55.9836,87.85,56,100,4.03,overcast clouds
501,Kaoma,ZM,-14.7833,24.8,78.85,16,25,5.28,scattered clouds
502,Beira,MZ,-19.8436,34.8389,77.16,76,7,12.3,clear sky
503,Ucluelet,CA,48.9329,-125.5528,61.09,83,2,1.99,clear sky
504,Verkhoyansk,RU,67.5447,133.385,14.88,95,100,4.25,light snow
505,Pontianak,ID,-0.0333,109.3333,75.18,100,100,3.44,overcast clouds
506,Onega,RU,63.9061,38.1404,48.11,84,100,11.72,overcast clouds
507,Ivanovka,KG,42.8878,75.085,59.38,27,59,3.69,broken clouds
508,Lompoc,US,34.6391,-120.4579,68.56,80,100,8.05,overcast clouds
509,Oriximina,BR,-1.7656,-55.8661,93.4,45,95,5.26,overcast clouds
510,Newark,US,40.7357,-74.1724,65.95,53,75,0.0,broken clouds
511,Hoquiam,US,46.9809,-123.8893,55.0,94,100,5.75,overcast clouds
512,Krasnyy Oktyabr,RU,56.1167,38.8833,41.81,76,26,8.19,scattered clouds
513,Makakilo City,US,21.3469,-158.0858,75.69,75,20,3.44,few clouds
514,Basoko,CD,1.2391,23.616,70.07,96,100,1.54,overcast clouds
515,Chirongui,YT,-12.9319,45.1483,76.93,72,21,7.81,few clouds
516,Brive-La-Gaillarde,FR,45.25,1.5,72.28,67,38,6.62,scattered clouds
517,Toktogul,KG,41.8708,72.9402,61.93,34,34,0.74,scattered clouds
518,Taltal,CL,-25.4,-70.4833,64.45,64,18,5.95,few clouds
519,Payo,ID,-3.7508,103.6372,73.76,94,99,1.5,overcast clouds
520,Kerema,PG,-7.9631,145.7785,78.1,86,100,3.58,overcast clouds
521,Omboue,GA,-1.5746,9.2618,78.26,82,100,5.35,overcast clouds
522,Saint-Louis,SN,16.3333,-15.0,98.44,21,1,9.17,clear sky
523,Kondratovo,RU,57.9804,56.1066,44.89,81,75,11.18,broken clouds
524,Brasilia,BR,-15.7797,-47.9297,83.32,28,40,9.22,scattered clouds
525,Agirish,RU,61.9247,63.0231,39.13,94,100,6.31,overcast clouds
526,Pontian Kecil,MY,1.4801,103.3899,76.21,91,100,9.62,overcast clouds
527,Salina Cruz,MX,16.1667,-95.2,88.48,59,81,9.15,broken clouds
528,Inverell,AU,-29.7833,151.1167,51.67,94,0,3.96,clear sky
529,Martapura,ID,-3.4167,114.85,77.09,100,75,1.14,broken clouds
530,Gizo,SB,-8.103,156.8419,82.11,73,100,8.81,overcast clouds
531,Palm Coast,US,29.585,-81.2078,84.25,68,0,5.75,clear sky
532,Cayenne,GF,4.9333,-52.3333,89.64,55,20,10.36,few clouds
533,Sur,OM,22.5667,59.5289,80.1,44,96,4.03,overcast clouds
534,Qaqortoq,GL,60.7167,-46.0333,35.94,72,5,3.78,clear sky
535,Granada,ES,37.25,-3.25,78.75,33,100,5.82,overcast clouds
536,Barda,AZ,40.3744,47.1267,63.68,70,99,6.76,light rain
537,Ola,RU,59.5833,151.2833,19.81,69,64,7.31,broken clouds
538,Borinskoye,RU,52.4569,39.3713,42.31,66,14,3.62,few clouds
539,Grand Gaube,MU,-20.0064,57.6608,69.39,74,83,1.99,broken clouds
540,Beliator,IN,23.3333,87.2167,77.14,71,0,2.75,clear sky
541,Novovarshavka,RU,54.1721,74.6946,46.0,68,95,1.97,overcast clouds
542,Baoro,CF,5.6667,15.9667,71.46,88,73,2.66,broken clouds
543,Rodez,FR,44.5,2.5833,69.48,68,0,19.57,clear sky
544,Conde,BR,-7.2597,-34.9075,83.66,61,75,18.41,broken clouds
545,San Fernando,PH,15.0286,120.6898,80.33,92,100,4.18,overcast clouds
546,Mareeba,AU,-17.0,145.4333,68.72,93,45,2.73,scattered clouds
547,Colwyn Bay,GB,53.2948,-3.7267,55.26,3,100,11.99,overcast clouds
548,Puerto Maldonado,PE,-12.6,-69.1833,90.0,55,40,3.44,scattered clouds
549,Malakal,SS,9.5334,31.6605,76.32,81,76,2.51,light rain
550,Saint George,US,37.1041,-113.5841,73.44,41,0,1.99,clear sky
551,Trincomalee,LK,8.5711,81.2335,80.04,76,80,9.8,moderate rain
552,Isla Mujeres,MX,21.2311,-86.731,86.16,69,6,10.2,clear sky
553,Canon City,US,38.441,-105.2424,54.01,55,100,6.91,overcast clouds
554,Carora,VE,10.1755,-70.0827,91.24,41,42,1.19,scattered clouds
555,Kieta,PG,-6.2167,155.6333,78.84,82,90,0.51,overcast clouds
556,Sabla,NG,12.7525,4.7077,90.36,24,32,8.75,scattered clouds
557,Arrifes,PT,37.7667,-25.7,64.65,55,20,12.66,few clouds
558,Hibbing,US,47.4272,-92.9377,35.56,93,100,17.27,snow
559,Port Hedland,AU,-20.3167,118.5667,73.45,68,0,10.36,clear sky
560,Yarim,YE,14.298,44.3779,59.41,42,3,8.99,clear sky
561,Vikhorevka,RU,56.1201,101.1636,27.25,79,26,3.27,scattered clouds
562,Nome,US,64.5011,-165.4064,30.27,74,100,9.22,light snow
563,Havelock,US,34.8791,-76.9013,82.94,48,0,10.36,clear sky
564,Algiers,DZ,36.7525,3.042,75.02,73,0,5.75,clear sky
565,Luganville,VU,-15.5333,167.1667,77.67,85,83,9.1,broken clouds
566,Avera,US,33.194,-82.5271,80.65,32,1,5.21,clear sky
567,Liaocheng,CN,36.4439,115.9647,51.15,44,34,6.35,scattered clouds
568,Palana,RU,59.1167,159.9667,27.55,90,100,7.61,light snow
569,Tezu,IN,27.9167,96.1667,70.25,54,1,4.97,clear sky
570,Kapuskasing,CA,49.4169,-82.4331,39.29,93,100,6.91,mist
571,Kangaatsiaq,GL,68.3065,-53.4641,36.34,58,100,10.16,overcast clouds
572,Etchoropo,MX,26.7667,-109.6667,82.42,50,0,5.99,clear sky
573,Surajgarh,IN,28.3124,75.7347,78.21,34,0,2.24,clear sky
574,Saqqez,IR,36.2499,46.2735,63.63,25,26,5.66,scattered clouds
575,Huarmey,PE,-10.0681,-78.1522,68.18,72,34,12.57,scattered clouds
576,Cap Malheureux,MU,-19.9842,57.6142,69.48,74,84,1.99,broken clouds
577,Bar Harbor,US,44.3876,-68.2039,65.37,80,0,6.91,clear sky
578,Lethem,GY,3.3803,-59.7968,93.49,42,71,4.16,broken clouds
579,Chamba,IN,32.5667,76.1333,64.51,71,2,6.22,clear sky
580,Herat,AF,34.5,62.0,68.32,15,0,9.22,clear sky
581,Nouakchott,MR,18.0858,-15.9785,85.93,59,2,16.89,clear sky
582,Chapada Dos Guimaraes,BR,-15.4606,-55.7497,89.26,16,7,4.18,clear sky
583,Nizhnevartovsk,RU,60.9344,76.5531,41.02,100,100,7.0,overcast clouds
584,Hasaki,JP,35.7333,140.8333,67.21,72,100,9.64,overcast clouds
585,Vytegra,RU,61.0064,36.4481,49.71,82,100,11.88,overcast clouds
586,Brejo Santo,BR,-7.4933,-38.9872,95.9,18,29,7.65,scattered clouds
587,Moose Factory,CA,51.2585,-80.6094,43.66,89,100,4.36,overcast clouds
588,Watsa,CD,3.0372,29.5355,66.27,98,100,2.73,overcast clouds
589,Peniche,PT,39.3558,-9.3811,71.29,81,69,11.32,light rain
590,Opalikha,RU,55.8275,37.255,48.13,57,0,11.18,clear sky
591,Katobu,ID,-4.9408,122.5276,75.61,94,93,4.07,overcast clouds
592,Bathsheba,BB,13.2167,-59.5167,88.41,70,20,11.5,few clouds
593,Sheremetyevskiy,RU,55.98,37.4911,48.22,57,0,11.18,clear sky
594,Dillon,US,34.4166,-79.3712,82.87,35,31,7.47,scattered clouds
595,Luena,AO,-11.7833,19.9167,81.18,27,92,8.48,overcast clouds
596,Bodo,NO,67.28,14.405,35.64,87,0,3.44,clear sky
597,Houma,US,29.5958,-90.7195,84.99,76,0,9.22,clear sky
598,Ulsteinvik,NO,62.3432,5.8487,51.75,84,100,1.01,overcast clouds
599,Yubileynyy,RU,58.781,57.7778,41.99,96,100,6.08,overcast clouds
600,Nouadhibou,MR,20.931,-17.0347,71.11,82,2,18.75,clear sky
601,Pucallpa,PE,-8.3791,-74.5539,89.64,51,40,6.91,scattered clouds
602,Palmas,BR,-10.2128,-48.3603,100.27,22,40,8.05,scattered clouds
603,Mabaruma,GY,8.2,-59.7833,89.04,56,41,6.46,scattered clouds
604,Sahuaripa,MX,29.05,-109.2333,76.98,55,48,4.56,scattered clouds
605,Nandu,CN,22.8525,110.8233,74.64,33,98,10.6,overcast clouds
606,Dera Bugti,PK,29.0307,69.151,80.28,18,0,4.09,clear sky
607,Clearwater,US,27.9659,-82.8001,88.21,62,0,9.22,clear sky
608,Svetlogorsk,BY,52.6333,29.7333,46.0,65,75,10.65,broken clouds
609,Camacha,PT,33.0833,-16.3333,71.02,68,40,8.05,scattered clouds
610,Marienburg,PL,54.0359,19.0266,61.88,91,96,6.91,overcast clouds
611,Brigantine,US,39.4101,-74.3646,64.99,52,40,4.61,scattered clouds
612,Ballitoville,ZA,-29.539,31.2144,69.24,75,98,11.5,overcast clouds
613,Sierra Vista,US,31.5545,-110.3037,66.49,60,40,10.0,scattered clouds
614,Salinopolis,BR,-0.6136,-47.3561,85.26,67,71,12.03,broken clouds
615,Ler,SS,8.3018,30.1418,70.39,94,93,6.98,moderate rain
616,Bara,NG,10.3744,10.7288,81.97,34,62,3.91,broken clouds
617,Rudnyy,KZ,52.9594,63.1206,41.23,69,86,8.57,overcast clouds
618,El Tigre,VE,8.8875,-64.2454,86.5,54,49,7.54,scattered clouds
619,Komsomolskiy,UZ,40.4272,71.7189,61.52,41,35,6.91,scattered clouds
620,Vardo,NO,70.3705,31.1107,40.98,87,40,11.5,scattered clouds
621,Miles City,US,46.4083,-105.8406,43.77,70,100,0.0,overcast clouds
622,Pyaozerskiy,RU,65.8333,31.1667,49.12,91,100,13.18,overcast clouds
623,Kanigiri,IN,15.4,79.5167,77.58,90,50,4.65,scattered clouds
624,Dinguiraye,GN,11.3,-10.7167,79.97,74,85,4.18,overcast clouds
625,Linares,CL,-35.85,-71.6,74.19,39,36,7.56,scattered clouds
626,Itarema,BR,-2.9248,-39.9167,86.95,55,5,20.78,clear sky
627,Nioro,GM,13.35,-15.75,89.47,55,22,2.62,few clouds
628,Bhag,PK,29.0415,67.8239,85.57,15,0,4.74,clear sky
629,Ayni,TJ,39.3941,68.5377,57.94,36,92,2.1,overcast clouds
630,Vakhrushev,RU,48.9833,142.9667,45.57,78,100,4.56,overcast clouds
631,Udachnyy,RU,66.4167,112.4,22.14,97,99,4.79,light snow
632,San Rafael,AR,-34.6177,-68.3301,76.6,20,15,11.59,few clouds
633,Homer,US,59.6425,-151.5483,48.78,86,100,8.05,light rain
634,Yaan,NG,7.3833,8.5667,80.56,71,82,0.87,broken clouds
635,Port-Cartier,CA,50.0334,-66.8654,46.74,89,100,1.95,overcast clouds
636,Placido De Castro,BR,-10.3353,-67.1856,90.27,51,29,5.23,scattered clouds
637,Oranjestad,AW,12.524,-70.027,87.75,66,40,16.11,scattered clouds
638,Cockburn Town,TC,21.4612,-71.1419,85.96,62,40,5.75,scattered clouds
639,Zhovtneve,UA,50.6637,24.2492,53.2,71,98,10.85,overcast clouds
640,Nyurba,RU,63.2842,118.3319,30.52,97,100,7.49,light snow
641,Los Llanos De Aridane,ES,28.6585,-17.9182,71.35,83,40,4.0,scattered clouds
642,Vanavara,RU,60.34,102.2797,26.62,87,66,4.09,broken clouds
643,Niles,US,42.0189,-87.8028,55.42,59,75,11.5,broken clouds
644,Palmer,US,42.1584,-72.3287,65.68,53,64,1.01,broken clouds
645,Valparaiso,CL,-33.0393,-71.6273,66.99,66,0,13.8,clear sky
646,Te Anau,NZ,-45.4167,167.7167,42.13,90,34,1.48,scattered clouds
647,Lubawa,PL,53.5043,19.7497,60.4,92,100,7.63,overcast clouds
648,Alice Springs,AU,-23.7,133.8833,65.75,88,75,6.91,broken clouds
649,Teguldet,RU,57.3064,88.1667,36.61,78,100,2.59,overcast clouds
650,Beringovskiy,RU,63.05,179.3167,24.35,78,100,17.54,overcast clouds
651,Ilo,PE,-17.6394,-71.3375,65.97,68,10,9.13,clear sky
652,Tacadang,PH,16.7264,120.6405,60.04,93,100,3.53,light rain
653,Florianopolis,BR,-27.6146,-48.5012,72.12,99,75,11.5,broken clouds
654,Bitam,GA,2.076,11.5007,70.72,95,79,2.59,light rain
655,Iberia,US,29.9502,-91.7507,84.06,57,20,4.61,few clouds
656,Adrar,MR,20.5022,-10.0711,98.37,18,11,8.99,few clouds
657,Jumla,NP,29.2747,82.1838,48.67,84,5,4.36,clear sky
658,Esmeralda,CU,21.8525,-78.1169,88.63,55,14,8.3,few clouds
659,Beloha,MG,-25.1667,45.05,69.46,79,0,6.85,clear sky
660,Raymondville,US,26.4815,-97.7831,90.09,47,9,11.12,clear sky
661,Inirida,CO,3.8653,-67.9239,72.34,97,100,5.93,overcast clouds
662,Wanlaweyn,SO,2.6185,44.8938,78.8,74,54,14.88,broken clouds
663,Gaspe,CA,48.8334,-64.4819,53.82,100,100,4.61,mist
664,Morehead,US,37.2711,-87.1764,64.99,83,100,3.44,overcast clouds
665,Chitipa,MW,-9.7024,33.2697,70.36,36,45,8.16,scattered clouds
666,Wheatley,GB,51.7473,-1.1394,59.02,75,75,11.5,broken clouds
667,Le Portel,FR,50.7056,1.5757,59.99,89,97,15.46,overcast clouds
668,Hoganas,SE,56.1997,12.558,55.54,70,1,18.01,clear sky
669,Necochea,AR,-38.5473,-58.7368,66.18,43,33,13.35,scattered clouds
670,Kang,BW,-23.6752,22.7876,83.53,17,99,1.74,overcast clouds
671,Contai,IN,21.7786,87.7536,77.36,74,9,5.08,clear sky
672,Lazaro Cardenas,MX,17.9583,-102.2,85.42,69,66,1.95,broken clouds
673,Lodwar,KE,3.1191,35.5973,89.1,31,100,13.22,overcast clouds
674,Yungay,PE,-9.1383,-77.7436,66.47,57,84,4.9,light rain
675,High Level,CA,58.5169,-117.136,35.17,57,49,7.87,scattered clouds
676,Amapa,BR,1.0,-52.0,97.32,32,18,4.99,few clouds
677,La Macarena,CO,2.1837,-73.7849,82.27,68,100,5.57,overcast clouds
678,Jasper,US,37.2001,-94.3502,66.45,49,75,5.75,broken clouds
679,Veraval,IN,20.9,70.3667,81.0,53,10,6.35,clear sky
680,Waingapu,ID,-9.6567,120.2641,81.39,78,53,6.67,broken clouds
681,Beruwala,LK,6.4788,79.9828,77.22,86,97,4.72,overcast clouds
682,Orumiyeh,IR,37.5527,45.0761,64.15,27,2,7.11,clear sky
683,Okha,RU,53.5739,142.9478,36.75,82,0,11.03,clear sky
684,Crawfordsville,US,40.0411,-86.8745,64.58,31,0,12.66,clear sky
685,Alta Floresta,BR,-9.8756,-56.0861,97.83,30,51,0.98,broken clouds
686,Gisborne,NZ,-38.6533,178.0042,47.34,85,1,6.73,clear sky
687,Worland,US,44.0169,-107.9554,54.68,53,0,0.0,clear sky
688,Napasar,IN,27.9667,73.55,81.59,20,0,8.68,clear sky
